INSERT INTO CATEGORY (NAME) VALUES ('Informática');
INSERT INTO CATEGORY (NAME) VALUES ('Escritório');
INSERT INTO CATEGORY (NAME) VALUES ('Cama Mesa e Banho');
INSERT INTO CATEGORY (NAME) VALUES ('Eletrônicos');
INSERT INTO CATEGORY (NAME) VALUES ('Jardinagem');
INSERT INTO CATEGORY (NAME) VALUES ('Ferramentas');
INSERT INTO CATEGORY (NAME) VALUES ('Decoração');
INSERT INTO CATEGORY (NAME) VALUES ('Perfumaria');
INSERT INTO CATEGORY (NAME) VALUES ('Maquiagem');
INSERT INTO CATEGORY (NAME) VALUES ('Infantil');
INSERT INTO CATEGORY (NAME) VALUES ('Hidraulico');
INSERT INTO CATEGORY (NAME) VALUES ('Elétrico');

INSERT INTO PRODUCT (NAME, PRICE) VALUES ('Computador', 2000.00);
INSERT INTO PRODUCT (NAME, PRICE) VALUES ('Impressora', 850.00);
INSERT INTO PRODUCT (NAME, PRICE) VALUES ('Mouse', 80.00);
INSERT INTO PRODUCT (NAME, PRICE) VALUES ('Mesa de Escritório', 300.00);
INSERT INTO PRODUCT (NAME, PRICE) VALUES ('Toalha', 25.00);
INSERT INTO PRODUCT (NAME, PRICE) VALUES ('PS 5', 5000.00);
INSERT INTO PRODUCT (NAME, PRICE) VALUES ('Cortador de grama', 170.00);
INSERT INTO PRODUCT (NAME, PRICE) VALUES ('Alicate', 52.00);
INSERT INTO PRODUCT (NAME, PRICE) VALUES ('Quadro decorativo', 20.00);
INSERT INTO PRODUCT (NAME, PRICE) VALUES ('Hidratante', 45.00);
INSERT INTO PRODUCT (NAME, PRICE) VALUES ('Batom', 15.00);
INSERT INTO PRODUCT (NAME, PRICE) VALUES ('Bola', 8.00);
INSERT INTO PRODUCT (NAME, PRICE) VALUES ('Torneira', 99.00);
INSERT INTO PRODUCT (NAME, PRICE) VALUES ('Disjuntor', 37.00);

INSERT INTO PRODUCT_CATEGORY (ID_PRODUCT, ID_CATEGORY) VALUES (1, 1);
INSERT INTO PRODUCT_CATEGORY (ID_PRODUCT, ID_CATEGORY) VALUES (2, 1);
INSERT INTO PRODUCT_CATEGORY (ID_PRODUCT, ID_CATEGORY) VALUES (3, 1);
INSERT INTO PRODUCT_CATEGORY (ID_PRODUCT, ID_CATEGORY) VALUES (4, 2);
INSERT INTO PRODUCT_CATEGORY (ID_PRODUCT, ID_CATEGORY) VALUES (5, 3);
INSERT INTO PRODUCT_CATEGORY (ID_PRODUCT, ID_CATEGORY) VALUES (6, 4);
INSERT INTO PRODUCT_CATEGORY (ID_PRODUCT, ID_CATEGORY) VALUES (7,5);
INSERT INTO PRODUCT_CATEGORY (ID_PRODUCT, ID_CATEGORY) VALUES (8,6);
INSERT INTO PRODUCT_CATEGORY (ID_PRODUCT, ID_CATEGORY) VALUES (9,7);
INSERT INTO PRODUCT_CATEGORY (ID_PRODUCT, ID_CATEGORY) VALUES (10,8);
INSERT INTO PRODUCT_CATEGORY (ID_PRODUCT, ID_CATEGORY) VALUES (11,9);
INSERT INTO PRODUCT_CATEGORY (ID_PRODUCT, ID_CATEGORY) VALUES (12,10);
INSERT INTO PRODUCT_CATEGORY (ID_PRODUCT, ID_CATEGORY) VALUES (13,11);
INSERT INTO PRODUCT_CATEGORY (ID_PRODUCT, ID_CATEGORY) VALUES (14,12);

INSERT INTO PRODUCT_CATEGORY (ID_PRODUCT, ID_CATEGORY) VALUES (2, 2);

INSERT INTO CITY (NAME, STATE) VALUES ('Curitiba', 17);
INSERT INTO CITY (NAME, STATE) VALUES ('Campinas', 25);
INSERT INTO CITY (NAME, STATE) VALUES ('Itajai', 23);

INSERT INTO CLIENT (NAME, EMAIL, CPF_OR_CNPJ, TYPE) VALUES ('Bruno Henrique Costa', 'bruno@gmail.com', '36985214789', 0);
INSERT INTO CLIENT (NAME, EMAIL, CPF_OR_CNPJ, TYPE) VALUES ('Franciane', 'fran@gmail.com', '36985214789', 0);

INSERT INTO PHONE (CLIENT_ID_CLIENT, PHONES) VALUES (1, '43988147788');
INSERT INTO PHONE (CLIENT_ID_CLIENT, PHONES) VALUES (1, '41966332211');
INSERT INTO PHONE (CLIENT_ID_CLIENT, PHONES) VALUES (2, '41966995533');

INSERT INTO ADDRESS (ID_CITY, ID_CLIENT, COMPLEMENT, NEIGHBORHOOD, NUMBER, STREET, ZIP_CODE) VALUES (1, 1, 'Casa', 'Pinheirinho', 985, 'Rua 7 de setembro', '81870-000');
INSERT INTO ADDRESS (ID_CITY, ID_CLIENT, COMPLEMENT, NEIGHBORHOOD, NUMBER, STREET, ZIP_CODE) VALUES (3, 1, 'Apartamento 206', 'Praia Brava', 1256, 'Rua Mariano torres', '96587-000');
INSERT INTO ADDRESS (ID_CITY, ID_CLIENT, COMPLEMENT, NEIGHBORHOOD, NUMBER, STREET, ZIP_CODE) VALUES (1, 2, 'Casa', 'Pinheirinho', 985, 'Rua 7 de setembro', '81870-000');

INSERT INTO ORDERS (ID_ORDER, ID_CLIENT, ID_DELIVERY_ADDRESS, INSTANT) VALUES (1, 1, 2, NOW());
INSERT INTO ORDERS (ID_ORDER, ID_CLIENT, ID_DELIVERY_ADDRESS, INSTANT) VALUES (2, 2, 3, NOW());

INSERT INTO PAYMENT (ID_ORDER, PAYMENT_STATE) VALUES (1,0);
INSERT INTO PAYMENT (ID_ORDER, PAYMENT_STATE) VALUES (2,0);

INSERT INTO INSTALLMENT (ID_ORDER, DUE_DATE) VALUES (1, NOW());
INSERT INTO INSTALLMENT (ID_ORDER, DUE_DATE) VALUES (1, NOW());
INSERT INTO INSTALLMENT (ID_ORDER, DUE_DATE) VALUES (2, NOW());
INSERT INTO INSTALLMENT (ID_ORDER, DUE_DATE) VALUES (2, NOW());
INSERT INTO INSTALLMENT (ID_ORDER, DUE_DATE) VALUES (2, NOW());

INSERT INTO ORDER_ITEM (ID_ORDER, ID_PRODUCT, AMOUNT, PRICE, DISCOUNT) VALUES (1, 1, 1, 2000.00, 0.00);
INSERT INTO ORDER_ITEM (ID_ORDER, ID_PRODUCT, AMOUNT, PRICE, DISCOUNT) VALUES (1, 3, 2, 80.00, 0.00);
INSERT INTO ORDER_ITEM (ID_ORDER, ID_PRODUCT, AMOUNT, PRICE, DISCOUNT) VALUES (2, 2, 1, 800.00, 100.00);
